model,rmse,mae,mape,r2
Random Forest,3.0458999507554814,2.271518682457401,4.046048498029208,0.9244325055582978
XGBoost,3.5226591629836417,2.5807747066349904,4.64150634074277,0.8989247080229308
LSTM,3.9741349227020386,2.991554948111855,5.39700353504269,0.8713561675304184
