record,n_samples,mean_hr,std_hr
100,2273,75.49542270976639,3.295304450611511
101,1873,62.21132010379046,4.134833645983641
103,2090,69.36946565391828,3.321484997569266
105,2690,85.9925567947788,4.3926496330419145
109,2534,84.28861010079147,3.4970935371454392
111,2132,70.71415450194122,2.853846340926369
112,2549,84.46139036532696,2.23562780475272
113,1795,59.85465184940613,4.833975516285292
115,1961,65.44101252832115,5.4784772223848215
117,1538,50.90968498231517,1.119947124500736
