{
  "best_model": "LSTM",
  "best_rmse": 3.8444106652099546,
  "best_r2": 0.9197965350941939,
  "feature_importance": [
    [
      "HR_t-1",
      9.356075286865234
    ],
    [
      "HR_t-2",
      0.8646049499511719
    ],
    [
      "mean",
      0.7827311158180237
    ],
    [
      "HR_t-4",
      0.6665087938308716
    ],
    [
      "HR_t-5",
      0.4145589768886566
    ]
  ]
}